,pdb_id,center_x,center_y,center_z
0,7vh8,-18.763800000000003,17.149742857142858,-25.144057142857143
